{
  "model/models.js": 1700599292279,
  "i18n/i18n.properties": 1700599292276,
  "utils/locate-reuse-libs.js": 1700599292278,
  "manifest.json": 1700672117879,
  "model/formatter.js": 1700599292293,
  "controller/Worklist.controller.js": 1700599292288,
  "controller/Object.controller.js": 1700599292286,
  "controller/NotFound.controller.js": 1700599292284,
  "controller/ErrorHandler.js": 1700599292282,
  "controller/BaseController.js": 1700599292280,
  "controller/App.controller.js": 1700599292280,
  "Component.js": 1700599292269,
  "Component-preload.js": 1700672118030,
  "controller/BaseController-dbg.js": 1700599292280,
  "controller/Object-dbg.controller.js": 1700599292286,
  "controller/NotFound-dbg.controller.js": 1700599292284,
  "controller/ErrorHandler-dbg.js": 1700599292282,
  "controller/Worklist-dbg.controller.js": 1700599292288,
  "controller/App-dbg.controller.js": 1700599292280,
  "utils/locate-reuse-libs-dbg.js": 1700599292278,
  "model/models-dbg.js": 1700599292279,
  "model/formatter-dbg.js": 1700599292293,
  "Component-dbg.js": 1700599292269,
  "view/Worklist.view.xml": 1700599599009,
  "view/ObjectNotFound.view.xml": 1700599292297,
  "view/Object.view.xml": 1700599721249,
  "view/NotFound.view.xml": 1700599292295,
  "view/App.view.xml": 1700599292294,
  "index.html": 1700599292272
}